Workbook

Sheet README
A1: FinSight AI — Learning Tracker 使用說明
A3: 用咩 | B3: 點用
A4: 📅 Daily Log 每日日誌 | B4: 每日學完，喺最底加一行：日期、時數、主題、子主題、學咗咩、Confidence (1-5)、Mood (1-5)、備註。 黃色 cells = 你填。Day# 同累計時數會自動計。
A5: 📊 Dashboard 進度總覽 | B5: 睇你今日落咗幾多時間、平均、距離目標仲有幾多日、進度比目標快定慢。 右邊兩個圖：Hours by Topic（主題分配）、Cumulative Hours（累計曲線）。
A6: 🎯 Skills Roadmap 技能路線圖 | B6: 22 個 Fintech AI Engineer 必備技能。Status 一欄揀返：Not started / Learning / In progress / Done ✓。 底部會自動算完成度。
A7: ⚙️ 改你嘅目標 | B7: 去 Dashboard，改 B5 (開始日期)、B6 (目標日期)、B7 (每日目標時數) 就得。
A8: 💡 小提示 | B8: 每晚收工前 2 分鐘填日誌就夠。連續 7 日全填 = 一個 milestone。 Topic 寫法要一致（例如全部用『Python 基礎』）先可以喺 Dashboard 統計到。

Sheet Daily Log
A1: FinSight AI — Daily Learning Log 每日學習日誌
A2: 黃色 cell = 你要填嘅嘢。每日返嚟加一行就得。Day# 同 Dashboard 會自動更新。 (Yellow cells = your input. Add one row per day.)
A3: Date 日期 | B3: Day # 第幾日 | C3: Hours 時數 | D3: Topic 主題 | E3: Sub-topic / Resource 子主題 | F3: What I learned 學咗咩 | G3: Confidence 理解 (1-5) | H3: Mood 狀態 (1-5) | I3: Notes 備註 | J3: Cumulative hrs 累計
A4: 46136 | B4: =IF(A4="","",A4-$A$4+1) -> 1 | C4: 6 | D4: Python 基礎 | E4: List comprehension + pandas intro | F4: 今日溫習 Python list/dict comprehension，再讀 pandas DataFrame 基本操作 | G4: 4 | H4: 4 | I4: 覺得 pandas 嘅 .loc 同 .iloc 仲要再練 | J4: =IF(A4="","",SUM(C$4:C4)) -> 6
B5: =IF(A5="","",A5-$A$4+1) | J5: =IF(A5="","",SUM(C$4:C5))
B6: =IF(A6="","",A6-$A$4+1) | J6: =IF(A6="","",SUM(C$4:C6))
B7: =IF(A7="","",A7-$A$4+1) | J7: =IF(A7="","",SUM(C$4:C7))
B8: =IF(A8="","",A8-$A$4+1) | J8: =IF(A8="","",SUM(C$4:C8))
B9: =IF(A9="","",A9-$A$4+1) | J9: =IF(A9="","",SUM(C$4:C9))
B10: =IF(A10="","",A10-$A$4+1) | J10: =IF(A10="","",SUM(C$4:C10))
B11: =IF(A11="","",A11-$A$4+1) | J11: =IF(A11="","",SUM(C$4:C11))
B12: =IF(A12="","",A12-$A$4+1) | J12: =IF(A12="","",SUM(C$4:C12))
B13: =IF(A13="","",A13-$A$4+1) | J13: =IF(A13="","",SUM(C$4:C13))
B14: =IF(A14="","",A14-$A$4+1) | J14: =IF(A14="","",SUM(C$4:C14))
B15: =IF(A15="","",A15-$A$4+1) | J15: =IF(A15="","",SUM(C$4:C15))
B16: =IF(A16="","",A16-$A$4+1) | J16: =IF(A16="","",SUM(C$4:C16))
... B103: =IF(A103="","",A103-$A$4+1) | J103: =IF(A103="","",SUM(C$4:C103))

Sheet Dashboard
A1: FinSight AI — Progress Dashboard 進度總覽
A2: 目標：6 個月後搵第一份 Fintech AI Engineer 工 · 每日 6 小時
A4: Goal Settings 目標設定 | D4: Key Stats 關鍵數字
A5: Start date 開始日期 | B5: 46136 | D5: Days logged 已記錄日數 | E5: =COUNTA('Daily Log'!A4:A103) -> 1
A6: Target job date 目標日期 | B6: 46319 | D6: Total hours 總時數 | E6: =SUM('Daily Log'!C4:C103) -> 6
A7: Daily target (hrs) 每日目標 | B7: 6 | D7: Average hrs/day 平均 | E7: =IFERROR(E6/E5,0) -> 6
A8: Today 今日 | B8: =TODAY() -> 46136 | D8: Days elapsed 已過日數 | E8: =B8-B5+1 -> 1
D9: Days to goal 距離目標 | E9: =MAX(0,B6-B8) -> 183
D10: Expected hrs to date 應有時數 | E10: =E8*B7 -> 6
D11: Hours ahead/behind 進度差 | E11: =E6-E10 -> 0
D12: % of plan 完成度 | E12: =IFERROR(E6/E10,0) -> 1
D13: Projected total by goal 預計總時數 | E13: =E6+E7*E9 -> 1104
A15: Topic Breakdown 主題分配
A16: Topic 主題 | B16: Hours 時數 | C16: % of total
A17: Python 基礎 | B17: =SUMIF('Daily Log'!D4:D103,A17,'Daily Log'!C4:C103) -> 6 | C17: =IFERROR(B17/$E$6,0) -> 1
A18: Pandas / NumPy | B18: =SUMIF('Daily Log'!D4:D103,A18,'Daily Log'!C4:C103) -> 0 | C18: =IFERROR(B18/$E$6,0) -> 0
A19: Machine Learning | B19: =SUMIF('Daily Log'!D4:D103,A19,'Daily Log'!C4:C103) -> 0 | C19: =IFERROR(B19/$E$6,0) -> 0
A20: Deep Learning | B20: =SUMIF('Daily Log'!D4:D103,A20,'Daily Log'!C4:C103) -> 0 | C20: =IFERROR(B20/$E$6,0) -> 0
A21: Finance / 金融知識 | B21: =SUMIF('Daily Log'!D4:D103,A21,'Daily Log'!C4:C103) -> 0 | C21: =IFERROR(B21/$E$6,0) -> 0
A22: Fintech APIs / 數據 | B22: =SUMIF('Daily Log'!D4:D103,A22,'Daily Log'!C4:C103) -> 0 | C22: =IFERROR(B22/$E$6,0) -> 0
A23: Project: FinSight AI | B23: =SUMIF('Daily Log'!D4:D103,A23,'Daily Log'!C4:C103) -> 0 | C23: =IFERROR(B23/$E$6,0) -> 0
A24: 其他 Other | B24: =SUMIF('Daily Log'!D4:D103,A24,'Daily Log'!C4:C103) -> 0 | C24: =IFERROR(B24/$E$6,0) -> 0
A25: Total 合計 | B25: =SUM(B17:B24) -> 6 | C25: =IFERROR(B25/$E$6,0) -> 1
A27: Tips 提示
A28: • 每晚收工前花 2 分鐘填一行（日期 / 時數 / 主題 / 學咗咩）。 • 'Topic' 用返左邊 list 嘅名，咁 Topic Breakdown 先有數。 • 進度差 < 0 = 落後；> 0 = 提早。 • B5/B6/B7 三格可以改你自己嘅目標。

Sheet Skills Roadmap
A1: Fintech AI Engineer — Skills Roadmap 技能路線圖
A2: 勾選你已經掌握嘅 (✓)，未掌握嘅就係未來幾個月嘅學習目標。
A3: Category 類別 | B3: Skill 技能 | C3: Why it matters 點解重要 | D3: Status 狀態 | E3: Target month 目標月份
A4: Programming | B4: Python 3.13 進階 (typing, async, dataclasses) | C4: 所有 AI / data work 都係 Python | D4: Learning 學緊 | E4: Month 1
A5: Programming | B5: Git / GitHub 工作流程 | C5: 面試一定會睇你 GitHub | D5: Not started | E5: Month 1
A6: Programming | B6: SQL (joins, window functions) | C6: 金融數據基本上喺 SQL DB | D6: Not started | E6: Month 2
A7: Data | B7: Pandas + NumPy 熟練 | C7: 處理 financial time series 必需 | D7: Learning 學緊 | E7: Month 1-2
A8: Data | B8: Data cleaning + EDA | C8: real-world 金融數據好亂 | D8: Not started | E8: Month 2
A9: ML | B9: Scikit-learn (classification, regression) | C9: 信用評分、欺詐偵測 baseline 模型 | D9: Not started | E9: Month 2-3
A10: ML | B10: XGBoost / LightGBM | C10: Fintech tabular 數據王者 | D10: Not started | E10: Month 3
A11: ML | B11: Time series (ARIMA, Prophet) | C11: 股價 / 收入預測 | D11: Not started | E11: Month 3
A12: Deep Learning | B12: PyTorch 基礎 | C12: 現代 AI 標準框架 | D12: Not started | E12: Month 4
A13: Deep Learning | B13: LLM / RAG basics | C13: AI Engineer 職位必問 | D13: Not started | E13: Month 4-5
A14: Finance | B14: 金融基礎 (stocks, bonds, derivatives) | C14: 唔識 domain 唔會請你 | D14: Learning 學緊 | E14: Month 1-2
... A25: Career | B25: 投 30 份 application | C25: 目標：first job 6 月後 | D25: Not started | E25: Month 6
A27: Summary 統計
A28: Total skills 總技能 | B28: 22
A29: Done ✓ 完成 | B29: =COUNTIF(D4:D25,"Done ✓") -> 0
A30: In progress 進行中 | B30: =COUNTIF(D4:D25,"In progress")+COUNTIF(D4:D25,"Learning 學緊") -> 4
A31: % complete 完成度 | B31: =IFERROR(B29/B28,0) -> 0
